id,tech_id,tech_name,sector,case,scenario,state,year,stock_projection,projection_units
201505,11,mhdv_ev,transportation,bau_ira_ccs_climate,bau,AK,2020,104,vehicles
201506,11,mhdv_ev,transportation,bau_ira_ccs_climate,bau,AL,2020,427,vehicles
201507,11,mhdv_ev,transportation,bau_ira_ccs_climate,bau,AR,2020,273,vehicles
201508,11,mhdv_ev,transportation,bau_ira_ccs_climate,bau,AZ,2020,383,vehicles
201509,11,mhdv_ev,transportation,bau_ira_ccs_climate,bau,CA,2020,1974,vehicles
201510,11,mhdv_ev,transportation,bau_ira_ccs_climate,bau,CO,2020,275,vehicles
201511,11,mhdv_ev,transportation,bau_ira_ccs_climate,bau,CT,2020,127,vehicles
201512,11,mhdv_ev,transportation,bau_ira_ccs_climate,bau,DE,2020,28,vehicles
201513,11,mhdv_ev,transportation,bau_ira_ccs_climate,bau,FL,2020,805,vehicles
201514,11,mhdv_ev,transportation,bau_ira_ccs_climate,bau,GA,2020,600,vehicles
201515,11,mhdv_ev,transportation,bau_ira_ccs_climate,bau,HI,2020,37,vehicles
201516,11,mhdv_ev,transportation,bau_ira_ccs_climate,bau,IA,2020,315,vehicles
201517,11,mhdv_ev,transportation,bau_ira_ccs_climate,bau,ID,2020,185,vehicles
201518,11,mhdv_ev,transportation,bau_ira_ccs_climate,bau,IL,2020,867,vehicles
201519,11,mhdv_ev,transportation,bau_ira_ccs_climate,bau,IN,2020,627,vehicles
201520,11,mhdv_ev,transportation,bau_ira_ccs_climate,bau,KS,2020,357,vehicles
201521,11,mhdv_ev,transportation,bau_ira_ccs_climate,bau,KY,2020,413,vehicles
201522,11,mhdv_ev,transportation,bau_ira_ccs_climate,bau,LA,2020,617,vehicles
201523,11,mhdv_ev,transportation,bau_ira_ccs_climate,bau,MA,2020,230,vehicles
201524,11,mhdv_ev,transportation,bau_ira_ccs_climate,bau,MD,2020,245,vehicles
201525,11,mhdv_ev,transportation,bau_ira_ccs_climate,bau,ME,2020,87,vehicles
201526,11,mhdv_ev,transportation,bau_ira_ccs_climate,bau,MI,2020,476,vehicles
201527,11,mhdv_ev,transportation,bau_ira_ccs_climate,bau,MN,2020,330,vehicles
201528,11,mhdv_ev,transportation,bau_ira_ccs_climate,bau,MO,2020,465,vehicles
201529,11,mhdv_ev,transportation,bau_ira_ccs_climate,bau,MS,2020,351,vehicles
201530,11,mhdv_ev,transportation,bau_ira_ccs_climate,bau,MT,2020,131,vehicles
201531,11,mhdv_ev,transportation,bau_ira_ccs_climate,bau,NC,2020,437,vehicles
201532,11,mhdv_ev,transportation,bau_ira_ccs_climate,bau,ND,2020,220,vehicles
201533,11,mhdv_ev,transportation,bau_ira_ccs_climate,bau,NE,2020,262,vehicles
201534,11,mhdv_ev,transportation,bau_ira_ccs_climate,bau,NH,2020,41,vehicles
201535,11,mhdv_ev,transportation,bau_ira_ccs_climate,bau,NJ,2020,381,vehicles
201536,11,mhdv_ev,transportation,bau_ira_ccs_climate,bau,NM,2020,263,vehicles
201537,11,mhdv_ev,transportation,bau_ira_ccs_climate,bau,NV,2020,148,vehicles
201538,11,mhdv_ev,transportation,bau_ira_ccs_climate,bau,NY,2020,661,vehicles
201539,11,mhdv_ev,transportation,bau_ira_ccs_climate,bau,OH,2020,784,vehicles
201540,11,mhdv_ev,transportation,bau_ira_ccs_climate,bau,OK,2020,588,vehicles
201541,11,mhdv_ev,transportation,bau_ira_ccs_climate,bau,OR,2020,290,vehicles
201542,11,mhdv_ev,transportation,bau_ira_ccs_climate,bau,PA,2020,778,vehicles
201543,11,mhdv_ev,transportation,bau_ira_ccs_climate,bau,RI,2020,37,vehicles
201544,11,mhdv_ev,transportation,bau_ira_ccs_climate,bau,SC,2020,309,vehicles
201545,11,mhdv_ev,transportation,bau_ira_ccs_climate,bau,SD,2020,115,vehicles
201546,11,mhdv_ev,transportation,bau_ira_ccs_climate,bau,TN,2020,459,vehicles
201547,11,mhdv_ev,transportation,bau_ira_ccs_climate,bau,TX,2020,2749,vehicles
201548,11,mhdv_ev,transportation,bau_ira_ccs_climate,bau,UT,2020,262,vehicles
201549,11,mhdv_ev,transportation,bau_ira_ccs_climate,bau,VA,2020,446,vehicles
201550,11,mhdv_ev,transportation,bau_ira_ccs_climate,bau,VT,2020,31,vehicles
201551,11,mhdv_ev,transportation,bau_ira_ccs_climate,bau,WA,2020,479,vehicles
201552,11,mhdv_ev,transportation,bau_ira_ccs_climate,bau,WI,2020,352,vehicles
201553,11,mhdv_ev,transportation,bau_ira_ccs_climate,bau,WV,2020,234,vehicles
201554,11,mhdv_ev,transportation,bau_ira_ccs_climate,bau,WY,2020,203,vehicles
201555,11,mhdv_ev,transportation,nz_ira_ccs_climate,high,AK,2020,104,vehicles
201556,11,mhdv_ev,transportation,nz_ira_ccs_climate,high,AL,2020,427,vehicles
201557,11,mhdv_ev,transportation,nz_ira_ccs_climate,high,AR,2020,273,vehicles
201558,11,mhdv_ev,transportation,nz_ira_ccs_climate,high,AZ,2020,383,vehicles
201559,11,mhdv_ev,transportation,nz_ira_ccs_climate,high,CA,2020,1975,vehicles
201560,11,mhdv_ev,transportation,nz_ira_ccs_climate,high,CO,2020,275,vehicles
201561,11,mhdv_ev,transportation,nz_ira_ccs_climate,high,CT,2020,127,vehicles
201562,11,mhdv_ev,transportation,nz_ira_ccs_climate,high,DE,2020,28,vehicles
201563,11,mhdv_ev,transportation,nz_ira_ccs_climate,high,FL,2020,806,vehicles
201564,11,mhdv_ev,transportation,nz_ira_ccs_climate,high,GA,2020,600,vehicles
201565,11,mhdv_ev,transportation,nz_ira_ccs_climate,high,HI,2020,37,vehicles
201566,11,mhdv_ev,transportation,nz_ira_ccs_climate,high,IA,2020,315,vehicles
201567,11,mhdv_ev,transportation,nz_ira_ccs_climate,high,ID,2020,185,vehicles
201568,11,mhdv_ev,transportation,nz_ira_ccs_climate,high,IL,2020,868,vehicles
201569,11,mhdv_ev,transportation,nz_ira_ccs_climate,high,IN,2020,627,vehicles
201570,11,mhdv_ev,transportation,nz_ira_ccs_climate,high,KS,2020,357,vehicles
201571,11,mhdv_ev,transportation,nz_ira_ccs_climate,high,KY,2020,413,vehicles
201572,11,mhdv_ev,transportation,nz_ira_ccs_climate,high,LA,2020,617,vehicles
201573,11,mhdv_ev,transportation,nz_ira_ccs_climate,high,MA,2020,230,vehicles
201574,11,mhdv_ev,transportation,nz_ira_ccs_climate,high,MD,2020,245,vehicles
201575,11,mhdv_ev,transportation,nz_ira_ccs_climate,high,ME,2020,87,vehicles
201576,11,mhdv_ev,transportation,nz_ira_ccs_climate,high,MI,2020,476,vehicles
201577,11,mhdv_ev,transportation,nz_ira_ccs_climate,high,MN,2020,330,vehicles
201578,11,mhdv_ev,transportation,nz_ira_ccs_climate,high,MO,2020,465,vehicles
201579,11,mhdv_ev,transportation,nz_ira_ccs_climate,high,MS,2020,351,vehicles
201580,11,mhdv_ev,transportation,nz_ira_ccs_climate,high,MT,2020,131,vehicles
201581,11,mhdv_ev,transportation,nz_ira_ccs_climate,high,NC,2020,437,vehicles
201582,11,mhdv_ev,transportation,nz_ira_ccs_climate,high,ND,2020,220,vehicles
201583,11,mhdv_ev,transportation,nz_ira_ccs_climate,high,NE,2020,262,vehicles
201584,11,mhdv_ev,transportation,nz_ira_ccs_climate,high,NH,2020,41,vehicles
201585,11,mhdv_ev,transportation,nz_ira_ccs_climate,high,NJ,2020,381,vehicles
201586,11,mhdv_ev,transportation,nz_ira_ccs_climate,high,NM,2020,263,vehicles
201587,11,mhdv_ev,transportation,nz_ira_ccs_climate,high,NV,2020,148,vehicles
201588,11,mhdv_ev,transportation,nz_ira_ccs_climate,high,NY,2020,661,vehicles
201589,11,mhdv_ev,transportation,nz_ira_ccs_climate,high,OH,2020,784,vehicles
201590,11,mhdv_ev,transportation,nz_ira_ccs_climate,high,OK,2020,589,vehicles
201591,11,mhdv_ev,transportation,nz_ira_ccs_climate,high,OR,2020,290,vehicles
201592,11,mhdv_ev,transportation,nz_ira_ccs_climate,high,PA,2020,778,vehicles
201593,11,mhdv_ev,transportation,nz_ira_ccs_climate,high,RI,2020,37,vehicles
201594,11,mhdv_ev,transportation,nz_ira_ccs_climate,high,SC,2020,309,vehicles
201595,11,mhdv_ev,transportation,nz_ira_ccs_climate,high,SD,2020,115,vehicles
201596,11,mhdv_ev,transportation,nz_ira_ccs_climate,high,TN,2020,460,vehicles
201597,11,mhdv_ev,transportation,nz_ira_ccs_climate,high,TX,2020,2749,vehicles
201598,11,mhdv_ev,transportation,nz_ira_ccs_climate,high,UT,2020,262,vehicles
201599,11,mhdv_ev,transportation,nz_ira_ccs_climate,high,VA,2020,446,vehicles
201600,11,mhdv_ev,transportation,nz_ira_ccs_climate,high,VT,2020,31,vehicles
201601,11,mhdv_ev,transportation,nz_ira_ccs_climate,high,WA,2020,480,vehicles
201602,11,mhdv_ev,transportation,nz_ira_ccs_climate,high,WI,2020,352,vehicles
201603,11,mhdv_ev,transportation,nz_ira_ccs_climate,high,WV,2020,234,vehicles
201604,11,mhdv_ev,transportation,nz_ira_ccs_climate,high,WY,2020,203,vehicles
201605,11,mhdv_ev,transportation,bau_ira_ccs_climate,bau,AK,2025,1548,
201606,11,mhdv_ev,transportation,bau_ira_ccs_climate,bau,AL,2025,6187,
201607,11,mhdv_ev,transportation,bau_ira_ccs_climate,bau,AR,2025,3974,
201608,11,mhdv_ev,transportation,bau_ira_ccs_climate,bau,AZ,2025,5907,
201609,11,mhdv_ev,transportation,bau_ira_ccs_climate,bau,CA,2025,45401,
201610,11,mhdv_ev,transportation,bau_ira_ccs_climate,bau,CO,2025,4365,
201611,11,mhdv_ev,transportation,bau_ira_ccs_climate,bau,CT,2025,1791,
201612,11,mhdv_ev,transportation,bau_ira_ccs_climate,bau,DE,2025,383,
201613,11,mhdv_ev,transportation,bau_ira_ccs_climate,bau,FL,2025,12293,
201614,11,mhdv_ev,transportation,bau_ira_ccs_climate,bau,GA,2025,9154,
201615,11,mhdv_ev,transportation,bau_ira_ccs_climate,bau,HI,2025,447,
201616,11,mhdv_ev,transportation,bau_ira_ccs_climate,bau,IA,2025,4682,
201617,11,mhdv_ev,transportation,bau_ira_ccs_climate,bau,ID,2025,3033,
201618,11,mhdv_ev,transportation,bau_ira_ccs_climate,bau,IL,2025,13256,
201619,11,mhdv_ev,transportation,bau_ira_ccs_climate,bau,IN,2025,9641,
201620,11,mhdv_ev,transportation,bau_ira_ccs_climate,bau,KS,2025,5201,
201621,11,mhdv_ev,transportation,bau_ira_ccs_climate,bau,KY,2025,6170,
201622,11,mhdv_ev,transportation,bau_ira_ccs_climate,bau,LA,2025,8908,
201623,11,mhdv_ev,transportation,bau_ira_ccs_climate,bau,MA,2025,5871,
201624,11,mhdv_ev,transportation,bau_ira_ccs_climate,bau,MD,2025,3563,
201625,11,mhdv_ev,transportation,bau_ira_ccs_climate,bau,ME,2025,1351,
201626,11,mhdv_ev,transportation,bau_ira_ccs_climate,bau,MI,2025,7202,
201627,11,mhdv_ev,transportation,bau_ira_ccs_climate,bau,MN,2025,5043,
201628,11,mhdv_ev,transportation,bau_ira_ccs_climate,bau,MO,2025,7328,
201629,11,mhdv_ev,transportation,bau_ira_ccs_climate,bau,MS,2025,4892,
201630,11,mhdv_ev,transportation,bau_ira_ccs_climate,bau,MT,2025,2052,
201631,11,mhdv_ev,transportation,bau_ira_ccs_climate,bau,NC,2025,6926,
201632,11,mhdv_ev,transportation,bau_ira_ccs_climate,bau,ND,2025,3059,
201633,11,mhdv_ev,transportation,bau_ira_ccs_climate,bau,NE,2025,3934,
201634,11,mhdv_ev,transportation,bau_ira_ccs_climate,bau,NH,2025,638,
201635,11,mhdv_ev,transportation,bau_ira_ccs_climate,bau,NJ,2025,10401,
201636,11,mhdv_ev,transportation,bau_ira_ccs_climate,bau,NM,2025,4163,
201637,11,mhdv_ev,transportation,bau_ira_ccs_climate,bau,NV,2025,2316,
201638,11,mhdv_ev,transportation,bau_ira_ccs_climate,bau,NY,2025,15838,
201639,11,mhdv_ev,transportation,bau_ira_ccs_climate,bau,OH,2025,11717,
201640,11,mhdv_ev,transportation,bau_ira_ccs_climate,bau,OK,2025,8031,
201641,11,mhdv_ev,transportation,bau_ira_ccs_climate,bau,OR,2025,7058,
201642,11,mhdv_ev,transportation,bau_ira_ccs_climate,bau,PA,2025,11025,
201643,11,mhdv_ev,transportation,bau_ira_ccs_climate,bau,RI,2025,480,
201644,11,mhdv_ev,transportation,bau_ira_ccs_climate,bau,SC,2025,4644,
201645,11,mhdv_ev,transportation,bau_ira_ccs_climate,bau,SD,2025,1612,
201646,11,mhdv_ev,transportation,bau_ira_ccs_climate,bau,TN,2025,7197,
201647,11,mhdv_ev,transportation,bau_ira_ccs_climate,bau,TX,2025,44104,
201648,11,mhdv_ev,transportation,bau_ira_ccs_climate,bau,UT,2025,4054,
201649,11,mhdv_ev,transportation,bau_ira_ccs_climate,bau,VA,2025,7024,
201650,11,mhdv_ev,transportation,bau_ira_ccs_climate,bau,VT,2025,475,
201651,11,mhdv_ev,transportation,bau_ira_ccs_climate,bau,WA,2025,12482,
201652,11,mhdv_ev,transportation,bau_ira_ccs_climate,bau,WI,2025,5583,
201653,11,mhdv_ev,transportation,bau_ira_ccs_climate,bau,WV,2025,2824,
201654,11,mhdv_ev,transportation,bau_ira_ccs_climate,bau,WY,2025,2823,
201655,11,mhdv_ev,transportation,nz_ira_ccs_climate,high,AK,2025,1736,vehicles
201656,11,mhdv_ev,transportation,nz_ira_ccs_climate,high,AL,2025,6830,vehicles
201657,11,mhdv_ev,transportation,nz_ira_ccs_climate,high,AR,2025,4288,vehicles
201658,11,mhdv_ev,transportation,nz_ira_ccs_climate,high,AZ,2025,6395,vehicles
201659,11,mhdv_ev,transportation,nz_ira_ccs_climate,high,CA,2025,50026,vehicles
201660,11,mhdv_ev,transportation,nz_ira_ccs_climate,high,CO,2025,4657,vehicles
201661,11,mhdv_ev,transportation,nz_ira_ccs_climate,high,CT,2025,1925,vehicles
201662,11,mhdv_ev,transportation,nz_ira_ccs_climate,high,DE,2025,416,vehicles
201663,11,mhdv_ev,transportation,nz_ira_ccs_climate,high,FL,2025,14440,vehicles
201664,11,mhdv_ev,transportation,nz_ira_ccs_climate,high,GA,2025,10207,vehicles
201665,11,mhdv_ev,transportation,nz_ira_ccs_climate,high,HI,2025,515,vehicles
201666,11,mhdv_ev,transportation,nz_ira_ccs_climate,high,IA,2025,4999,vehicles
201667,11,mhdv_ev,transportation,nz_ira_ccs_climate,high,ID,2025,3367,vehicles
201668,11,mhdv_ev,transportation,nz_ira_ccs_climate,high,IL,2025,14384,vehicles
201669,11,mhdv_ev,transportation,nz_ira_ccs_climate,high,IN,2025,10193,vehicles
201670,11,mhdv_ev,transportation,nz_ira_ccs_climate,high,KS,2025,5609,vehicles
201671,11,mhdv_ev,transportation,nz_ira_ccs_climate,high,KY,2025,6512,vehicles
201672,11,mhdv_ev,transportation,nz_ira_ccs_climate,high,LA,2025,9970,vehicles
201673,11,mhdv_ev,transportation,nz_ira_ccs_climate,high,MA,2025,6089,vehicles
201674,11,mhdv_ev,transportation,nz_ira_ccs_climate,high,MD,2025,3843,vehicles
201675,11,mhdv_ev,transportation,nz_ira_ccs_climate,high,ME,2025,1490,vehicles
201676,11,mhdv_ev,transportation,nz_ira_ccs_climate,high,MI,2025,7563,vehicles
201677,11,mhdv_ev,transportation,nz_ira_ccs_climate,high,MN,2025,5340,vehicles
201678,11,mhdv_ev,transportation,nz_ira_ccs_climate,high,MO,2025,7936,vehicles
201679,11,mhdv_ev,transportation,nz_ira_ccs_climate,high,MS,2025,5388,vehicles
201680,11,mhdv_ev,transportation,nz_ira_ccs_climate,high,MT,2025,2218,vehicles
201681,11,mhdv_ev,transportation,nz_ira_ccs_climate,high,NC,2025,7356,vehicles
201682,11,mhdv_ev,transportation,nz_ira_ccs_climate,high,ND,2025,3276,vehicles
201683,11,mhdv_ev,transportation,nz_ira_ccs_climate,high,NE,2025,4197,vehicles
201684,11,mhdv_ev,transportation,nz_ira_ccs_climate,high,NH,2025,691,vehicles
201685,11,mhdv_ev,transportation,nz_ira_ccs_climate,high,NJ,2025,11268,vehicles
201686,11,mhdv_ev,transportation,nz_ira_ccs_climate,high,NM,2025,4435,vehicles
201687,11,mhdv_ev,transportation,nz_ira_ccs_climate,high,NV,2025,2552,vehicles
201688,11,mhdv_ev,transportation,nz_ira_ccs_climate,high,NY,2025,17306,vehicles
201689,11,mhdv_ev,transportation,nz_ira_ccs_climate,high,OH,2025,12376,vehicles
201690,11,mhdv_ev,transportation,nz_ira_ccs_climate,high,OK,2025,8637,vehicles
201691,11,mhdv_ev,transportation,nz_ira_ccs_climate,high,OR,2025,7482,vehicles
201692,11,mhdv_ev,transportation,nz_ira_ccs_climate,high,PA,2025,11979,vehicles
201693,11,mhdv_ev,transportation,nz_ira_ccs_climate,high,RI,2025,514,vehicles
201694,11,mhdv_ev,transportation,nz_ira_ccs_climate,high,SC,2025,5265,vehicles
201695,11,mhdv_ev,transportation,nz_ira_ccs_climate,high,SD,2025,1714,vehicles
201696,11,mhdv_ev,transportation,nz_ira_ccs_climate,high,TN,2025,7853,vehicles
201697,11,mhdv_ev,transportation,nz_ira_ccs_climate,high,TX,2025,50141,vehicles
201698,11,mhdv_ev,transportation,nz_ira_ccs_climate,high,UT,2025,4501,vehicles
201699,11,mhdv_ev,transportation,nz_ira_ccs_climate,high,VA,2025,7515,vehicles
201700,11,mhdv_ev,transportation,nz_ira_ccs_climate,high,VT,2025,513,vehicles
201701,11,mhdv_ev,transportation,nz_ira_ccs_climate,high,WA,2025,14388,vehicles
201702,11,mhdv_ev,transportation,nz_ira_ccs_climate,high,WI,2025,6051,vehicles
201703,11,mhdv_ev,transportation,nz_ira_ccs_climate,high,WV,2025,2993,vehicles
201704,11,mhdv_ev,transportation,nz_ira_ccs_climate,high,WY,2025,3022,vehicles
201705,11,mhdv_ev,transportation,bau_ira_ccs_climate,bau,AK,2030,2755,
201706,11,mhdv_ev,transportation,bau_ira_ccs_climate,bau,AL,2030,10960,
201707,11,mhdv_ev,transportation,bau_ira_ccs_climate,bau,AR,2030,7038,
201708,11,mhdv_ev,transportation,bau_ira_ccs_climate,bau,AZ,2030,10573,
201709,11,mhdv_ev,transportation,bau_ira_ccs_climate,bau,CA,2030,107250,
201710,11,mhdv_ev,transportation,bau_ira_ccs_climate,bau,CO,2030,9362,
201711,11,mhdv_ev,transportation,bau_ira_ccs_climate,bau,CT,2030,3156,
201712,11,mhdv_ev,transportation,bau_ira_ccs_climate,bau,DE,2030,640,
201713,11,mhdv_ev,transportation,bau_ira_ccs_climate,bau,FL,2030,22285,
201714,11,mhdv_ev,transportation,bau_ira_ccs_climate,bau,GA,2030,16369,
201715,11,mhdv_ev,transportation,bau_ira_ccs_climate,bau,HI,2030,792,
201716,11,mhdv_ev,transportation,bau_ira_ccs_climate,bau,IA,2030,8226,
201717,11,mhdv_ev,transportation,bau_ira_ccs_climate,bau,ID,2030,5617,
201718,11,mhdv_ev,transportation,bau_ira_ccs_climate,bau,IL,2030,23646,
201719,11,mhdv_ev,transportation,bau_ira_ccs_climate,bau,IN,2030,16968,
201720,11,mhdv_ev,transportation,bau_ira_ccs_climate,bau,KS,2030,9290,
201721,11,mhdv_ev,transportation,bau_ira_ccs_climate,bau,KY,2030,10843,
201722,11,mhdv_ev,transportation,bau_ira_ccs_climate,bau,LA,2030,20144,
201723,11,mhdv_ev,transportation,bau_ira_ccs_climate,bau,MA,2030,15482,
201724,11,mhdv_ev,transportation,bau_ira_ccs_climate,bau,MD,2030,6214,
201725,11,mhdv_ev,transportation,bau_ira_ccs_climate,bau,ME,2030,2483,
201726,11,mhdv_ev,transportation,bau_ira_ccs_climate,bau,MI,2030,14875,
201727,11,mhdv_ev,transportation,bau_ira_ccs_climate,bau,MN,2030,10676,
201728,11,mhdv_ev,transportation,bau_ira_ccs_climate,bau,MO,2030,13175,
201729,11,mhdv_ev,transportation,bau_ira_ccs_climate,bau,MS,2030,8528,
201730,11,mhdv_ev,transportation,bau_ira_ccs_climate,bau,MT,2030,4387,
201731,11,mhdv_ev,transportation,bau_ira_ccs_climate,bau,NC,2030,14692,
201732,11,mhdv_ev,transportation,bau_ira_ccs_climate,bau,ND,2030,5132,
201733,11,mhdv_ev,transportation,bau_ira_ccs_climate,bau,NE,2030,6953,
201734,11,mhdv_ev,transportation,bau_ira_ccs_climate,bau,NH,2030,1179,
201735,11,mhdv_ev,transportation,bau_ira_ccs_climate,bau,NJ,2030,27715,
201736,11,mhdv_ev,transportation,bau_ira_ccs_climate,bau,NM,2030,8904,
201737,11,mhdv_ev,transportation,bau_ira_ccs_climate,bau,NV,2030,4218,
201738,11,mhdv_ev,transportation,bau_ira_ccs_climate,bau,NY,2030,40938,
201739,11,mhdv_ev,transportation,bau_ira_ccs_climate,bau,OH,2030,20342,
201740,11,mhdv_ev,transportation,bau_ira_ccs_climate,bau,OK,2030,13833,
201741,11,mhdv_ev,transportation,bau_ira_ccs_climate,bau,OR,2030,15141,
201742,11,mhdv_ev,transportation,bau_ira_ccs_climate,bau,PA,2030,19045,
201743,11,mhdv_ev,transportation,bau_ira_ccs_climate,bau,RI,2030,803,
201744,11,mhdv_ev,transportation,bau_ira_ccs_climate,bau,SC,2030,8314,
201745,11,mhdv_ev,transportation,bau_ira_ccs_climate,bau,SD,2030,2756,
201746,11,mhdv_ev,transportation,bau_ira_ccs_climate,bau,TN,2030,13157,
201747,11,mhdv_ev,transportation,bau_ira_ccs_climate,bau,TX,2030,82080,
201748,11,mhdv_ev,transportation,bau_ira_ccs_climate,bau,UT,2030,7332,
201749,11,mhdv_ev,transportation,bau_ira_ccs_climate,bau,VA,2030,14947,
201750,11,mhdv_ev,transportation,bau_ira_ccs_climate,bau,VT,2030,872,
201751,11,mhdv_ev,transportation,bau_ira_ccs_climate,bau,WA,2030,31199,
201752,11,mhdv_ev,transportation,bau_ira_ccs_climate,bau,WI,2030,10133,
201753,11,mhdv_ev,transportation,bau_ira_ccs_climate,bau,WV,2030,4350,
201754,11,mhdv_ev,transportation,bau_ira_ccs_climate,bau,WY,2030,4840,
201755,11,mhdv_ev,transportation,nz_ira_ccs_climate,high,AK,2030,3324,vehicles
201756,11,mhdv_ev,transportation,nz_ira_ccs_climate,high,AL,2030,13870,vehicles
201757,11,mhdv_ev,transportation,nz_ira_ccs_climate,high,AR,2030,8794,vehicles
201758,11,mhdv_ev,transportation,nz_ira_ccs_climate,high,AZ,2030,13152,vehicles
201759,11,mhdv_ev,transportation,nz_ira_ccs_climate,high,CA,2030,106919,vehicles
201760,11,mhdv_ev,transportation,nz_ira_ccs_climate,high,CO,2030,9648,vehicles
201761,11,mhdv_ev,transportation,nz_ira_ccs_climate,high,CT,2030,3875,vehicles
201762,11,mhdv_ev,transportation,nz_ira_ccs_climate,high,DE,2030,783,vehicles
201763,11,mhdv_ev,transportation,nz_ira_ccs_climate,high,FL,2030,28557,vehicles
201764,11,mhdv_ev,transportation,nz_ira_ccs_climate,high,GA,2030,20861,vehicles
201765,11,mhdv_ev,transportation,nz_ira_ccs_climate,high,HI,2030,1012,vehicles
201766,11,mhdv_ev,transportation,nz_ira_ccs_climate,high,IA,2030,10011,vehicles
201767,11,mhdv_ev,transportation,nz_ira_ccs_climate,high,ID,2030,7047,vehicles
201768,11,mhdv_ev,transportation,nz_ira_ccs_climate,high,IL,2030,29096,vehicles
201769,11,mhdv_ev,transportation,nz_ira_ccs_climate,high,IN,2030,20386,vehicles
201770,11,mhdv_ev,transportation,nz_ira_ccs_climate,high,KS,2030,11321,vehicles
201771,11,mhdv_ev,transportation,nz_ira_ccs_climate,high,KY,2030,13012,vehicles
201772,11,mhdv_ev,transportation,nz_ira_ccs_climate,high,LA,2030,19580,vehicles
201773,11,mhdv_ev,transportation,nz_ira_ccs_climate,high,MA,2030,16463,vehicles
201774,11,mhdv_ev,transportation,nz_ira_ccs_climate,high,MD,2030,7553,vehicles
201775,11,mhdv_ev,transportation,nz_ira_ccs_climate,high,ME,2030,3106,vehicles
201776,11,mhdv_ev,transportation,nz_ira_ccs_climate,high,MI,2030,14767,vehicles
201777,11,mhdv_ev,transportation,nz_ira_ccs_climate,high,MN,2030,10802,vehicles
201778,11,mhdv_ev,transportation,nz_ira_ccs_climate,high,MO,2030,16218,vehicles
201779,11,mhdv_ev,transportation,nz_ira_ccs_climate,high,MS,2030,10770,vehicles
201780,11,mhdv_ev,transportation,nz_ira_ccs_climate,high,MT,2030,4574,vehicles
201781,11,mhdv_ev,transportation,nz_ira_ccs_climate,high,NC,2030,15088,vehicles
201782,11,mhdv_ev,transportation,nz_ira_ccs_climate,high,ND,2030,6223,vehicles
201783,11,mhdv_ev,transportation,nz_ira_ccs_climate,high,NE,2030,8464,vehicles
201784,11,mhdv_ev,transportation,nz_ira_ccs_climate,high,NH,2030,1457,vehicles
201785,11,mhdv_ev,transportation,nz_ira_ccs_climate,high,NJ,2030,30020,vehicles
201786,11,mhdv_ev,transportation,nz_ira_ccs_climate,high,NM,2030,9164,vehicles
201787,11,mhdv_ev,transportation,nz_ira_ccs_climate,high,NV,2030,5276,vehicles
201788,11,mhdv_ev,transportation,nz_ira_ccs_climate,high,NY,2030,44888,vehicles
201789,11,mhdv_ev,transportation,nz_ira_ccs_climate,high,OH,2030,24389,vehicles
201790,11,mhdv_ev,transportation,nz_ira_ccs_climate,high,OK,2030,16822,vehicles
201791,11,mhdv_ev,transportation,nz_ira_ccs_climate,high,OR,2030,15787,vehicles
201792,11,mhdv_ev,transportation,nz_ira_ccs_climate,high,PA,2030,23204,vehicles
201793,11,mhdv_ev,transportation,nz_ira_ccs_climate,high,RI,2030,980,vehicles
201794,11,mhdv_ev,transportation,nz_ira_ccs_climate,high,SC,2030,10729,vehicles
201795,11,mhdv_ev,transportation,nz_ira_ccs_climate,high,SD,2030,3341,vehicles
201796,11,mhdv_ev,transportation,nz_ira_ccs_climate,high,TN,2030,16555,vehicles
201797,11,mhdv_ev,transportation,nz_ira_ccs_climate,high,TX,2030,102410,vehicles
201798,11,mhdv_ev,transportation,nz_ira_ccs_climate,high,UT,2030,9181,vehicles
201799,11,mhdv_ev,transportation,nz_ira_ccs_climate,high,VA,2030,15280,vehicles
201800,11,mhdv_ev,transportation,nz_ira_ccs_climate,high,VT,2030,1076,vehicles
201801,11,mhdv_ev,transportation,nz_ira_ccs_climate,high,WA,2030,30760,vehicles
201802,11,mhdv_ev,transportation,nz_ira_ccs_climate,high,WI,2030,12485,vehicles
201803,11,mhdv_ev,transportation,nz_ira_ccs_climate,high,WV,2030,5160,vehicles
201804,11,mhdv_ev,transportation,nz_ira_ccs_climate,high,WY,2030,5971,vehicles
201805,11,mhdv_ev,transportation,bau_ira_ccs_climate,bau,AK,2035,3383,vehicles
201806,11,mhdv_ev,transportation,bau_ira_ccs_climate,bau,AL,2035,13368,vehicles
201807,11,mhdv_ev,transportation,bau_ira_ccs_climate,bau,AR,2035,8734,vehicles
201808,11,mhdv_ev,transportation,bau_ira_ccs_climate,bau,AZ,2035,13048,vehicles
201809,11,mhdv_ev,transportation,bau_ira_ccs_climate,bau,CA,2035,237650,vehicles
201810,11,mhdv_ev,transportation,bau_ira_ccs_climate,bau,CO,2035,13716,vehicles
201811,11,mhdv_ev,transportation,bau_ira_ccs_climate,bau,CT,2035,4105,vehicles
201812,11,mhdv_ev,transportation,bau_ira_ccs_climate,bau,DE,2035,827,vehicles
201813,11,mhdv_ev,transportation,bau_ira_ccs_climate,bau,FL,2035,26875,vehicles
201814,11,mhdv_ev,transportation,bau_ira_ccs_climate,bau,GA,2035,20023,vehicles
201815,11,mhdv_ev,transportation,bau_ira_ccs_climate,bau,HI,2035,970,vehicles
201816,11,mhdv_ev,transportation,bau_ira_ccs_climate,bau,IA,2035,10266,vehicles
201817,11,mhdv_ev,transportation,bau_ira_ccs_climate,bau,ID,2035,7019,vehicles
201818,11,mhdv_ev,transportation,bau_ira_ccs_climate,bau,IL,2035,29156,vehicles
201819,11,mhdv_ev,transportation,bau_ira_ccs_climate,bau,IN,2035,20948,vehicles
201820,11,mhdv_ev,transportation,bau_ira_ccs_climate,bau,KS,2035,11563,vehicles
201821,11,mhdv_ev,transportation,bau_ira_ccs_climate,bau,KY,2035,13372,vehicles
201822,11,mhdv_ev,transportation,bau_ira_ccs_climate,bau,LA,2035,30063,vehicles
201823,11,mhdv_ev,transportation,bau_ira_ccs_climate,bau,MA,2035,37976,vehicles
201824,11,mhdv_ev,transportation,bau_ira_ccs_climate,bau,MD,2035,7926,vehicles
201825,11,mhdv_ev,transportation,bau_ira_ccs_climate,bau,ME,2035,3228,vehicles
201826,11,mhdv_ev,transportation,bau_ira_ccs_climate,bau,MI,2035,21377,vehicles
201827,11,mhdv_ev,transportation,bau_ira_ccs_climate,bau,MN,2035,15764,vehicles
201828,11,mhdv_ev,transportation,bau_ira_ccs_climate,bau,MO,2035,16424,vehicles
201829,11,mhdv_ev,transportation,bau_ira_ccs_climate,bau,MS,2035,10400,vehicles
201830,11,mhdv_ev,transportation,bau_ira_ccs_climate,bau,MT,2035,6548,vehicles
201831,11,mhdv_ev,transportation,bau_ira_ccs_climate,bau,NC,2035,23148,vehicles
201832,11,mhdv_ev,transportation,bau_ira_ccs_climate,bau,ND,2035,6327,vehicles
201833,11,mhdv_ev,transportation,bau_ira_ccs_climate,bau,NE,2035,8702,vehicles
201834,11,mhdv_ev,transportation,bau_ira_ccs_climate,bau,NH,2035,1532,vehicles
201835,11,mhdv_ev,transportation,bau_ira_ccs_climate,bau,NJ,2035,66920,vehicles
201836,11,mhdv_ev,transportation,bau_ira_ccs_climate,bau,NM,2035,13046,vehicles
201837,11,mhdv_ev,transportation,bau_ira_ccs_climate,bau,NV,2035,5310,vehicles
201838,11,mhdv_ev,transportation,bau_ira_ccs_climate,bau,NY,2035,97267,vehicles
201839,11,mhdv_ev,transportation,bau_ira_ccs_climate,bau,OH,2035,25055,vehicles
201840,11,mhdv_ev,transportation,bau_ira_ccs_climate,bau,OK,2035,17355,vehicles
201841,11,mhdv_ev,transportation,bau_ira_ccs_climate,bau,OR,2035,37187,vehicles
201842,11,mhdv_ev,transportation,bau_ira_ccs_climate,bau,PA,2035,24146,vehicles
201843,11,mhdv_ev,transportation,bau_ira_ccs_climate,bau,RI,2035,1038,vehicles
201844,11,mhdv_ev,transportation,bau_ira_ccs_climate,bau,SC,2035,10194,vehicles
201845,11,mhdv_ev,transportation,bau_ira_ccs_climate,bau,SD,2035,3452,vehicles
201846,11,mhdv_ev,transportation,bau_ira_ccs_climate,bau,TN,2035,16133,vehicles
201847,11,mhdv_ev,transportation,bau_ira_ccs_climate,bau,TX,2035,99154,vehicles
201848,11,mhdv_ev,transportation,bau_ira_ccs_climate,bau,UT,2035,9107,vehicles
201849,11,mhdv_ev,transportation,bau_ira_ccs_climate,bau,VA,2035,23313,vehicles
201850,11,mhdv_ev,transportation,bau_ira_ccs_climate,bau,VT,2035,1144,vehicles
201851,11,mhdv_ev,transportation,bau_ira_ccs_climate,bau,WA,2035,66219,vehicles
201852,11,mhdv_ev,transportation,bau_ira_ccs_climate,bau,WI,2035,12559,vehicles
201853,11,mhdv_ev,transportation,bau_ira_ccs_climate,bau,WV,2035,5225,vehicles
201854,11,mhdv_ev,transportation,bau_ira_ccs_climate,bau,WY,2035,6004,vehicles
201855,11,mhdv_ev,transportation,nz_ira_ccs_climate,high,AK,2035,4034,vehicles
201856,11,mhdv_ev,transportation,nz_ira_ccs_climate,high,AL,2035,17116,vehicles
201857,11,mhdv_ev,transportation,nz_ira_ccs_climate,high,AR,2035,11069,vehicles
201858,11,mhdv_ev,transportation,nz_ira_ccs_climate,high,AZ,2035,16734,vehicles
201859,11,mhdv_ev,transportation,nz_ira_ccs_climate,high,CA,2035,230924,vehicles
201860,11,mhdv_ev,transportation,nz_ira_ccs_climate,high,CO,2035,12338,vehicles
201861,11,mhdv_ev,transportation,nz_ira_ccs_climate,high,CT,2035,4903,vehicles
201862,11,mhdv_ev,transportation,nz_ira_ccs_climate,high,DE,2035,982,vehicles
201863,11,mhdv_ev,transportation,nz_ira_ccs_climate,high,FL,2035,34132,vehicles
201864,11,mhdv_ev,transportation,nz_ira_ccs_climate,high,GA,2035,25828,vehicles
201865,11,mhdv_ev,transportation,nz_ira_ccs_climate,high,HI,2035,1241,vehicles
201866,11,mhdv_ev,transportation,nz_ira_ccs_climate,high,IA,2035,12722,vehicles
201867,11,mhdv_ev,transportation,nz_ira_ccs_climate,high,ID,2035,9121,vehicles
201868,11,mhdv_ev,transportation,nz_ira_ccs_climate,high,IL,2035,36718,vehicles
201869,11,mhdv_ev,transportation,nz_ira_ccs_climate,high,IN,2035,25390,vehicles
201870,11,mhdv_ev,transportation,nz_ira_ccs_climate,high,KS,2035,14302,vehicles
201871,11,mhdv_ev,transportation,nz_ira_ccs_climate,high,KY,2035,16186,vehicles
201872,11,mhdv_ev,transportation,nz_ira_ccs_climate,high,LA,2035,23785,vehicles
201873,11,mhdv_ev,transportation,nz_ira_ccs_climate,high,MA,2035,38959,vehicles
201874,11,mhdv_ev,transportation,nz_ira_ccs_climate,high,MD,2035,9393,vehicles
201875,11,mhdv_ev,transportation,nz_ira_ccs_climate,high,ME,2035,3903,vehicles
201876,11,mhdv_ev,transportation,nz_ira_ccs_climate,high,MI,2035,18146,vehicles
201877,11,mhdv_ev,transportation,nz_ira_ccs_climate,high,MN,2035,13692,vehicles
201878,11,mhdv_ev,transportation,nz_ira_ccs_climate,high,MO,2035,20710,vehicles
201879,11,mhdv_ev,transportation,nz_ira_ccs_climate,high,MS,2035,13299,vehicles
201880,11,mhdv_ev,transportation,nz_ira_ccs_climate,high,MT,2035,6025,vehicles
201881,11,mhdv_ev,transportation,nz_ira_ccs_climate,high,NC,2035,18891,vehicles
201882,11,mhdv_ev,transportation,nz_ira_ccs_climate,high,ND,2035,7810,vehicles
201883,11,mhdv_ev,transportation,nz_ira_ccs_climate,high,NE,2035,10786,vehicles
201884,11,mhdv_ev,transportation,nz_ira_ccs_climate,high,NH,2035,1838,vehicles
201885,11,mhdv_ev,transportation,nz_ira_ccs_climate,high,NJ,2035,69065,vehicles
201886,11,mhdv_ev,transportation,nz_ira_ccs_climate,high,NM,2035,11726,vehicles
201887,11,mhdv_ev,transportation,nz_ira_ccs_climate,high,NV,2035,6887,vehicles
201888,11,mhdv_ev,transportation,nz_ira_ccs_climate,high,NY,2035,101051,vehicles
201889,11,mhdv_ev,transportation,nz_ira_ccs_climate,high,OH,2035,30308,vehicles
201890,11,mhdv_ev,transportation,nz_ira_ccs_climate,high,OK,2035,21408,vehicles
201891,11,mhdv_ev,transportation,nz_ira_ccs_climate,high,OR,2035,36677,vehicles
201892,11,mhdv_ev,transportation,nz_ira_ccs_climate,high,PA,2035,28657,vehicles
201893,11,mhdv_ev,transportation,nz_ira_ccs_climate,high,RI,2035,1235,vehicles
201894,11,mhdv_ev,transportation,nz_ira_ccs_climate,high,SC,2035,13307,vehicles
201895,11,mhdv_ev,transportation,nz_ira_ccs_climate,high,SD,2035,4266,vehicles
201896,11,mhdv_ev,transportation,nz_ira_ccs_climate,high,TN,2035,20536,vehicles
201897,11,mhdv_ev,transportation,nz_ira_ccs_climate,high,TX,2035,122332,vehicles
201898,11,mhdv_ev,transportation,nz_ira_ccs_climate,high,UT,2035,11807,vehicles
201899,11,mhdv_ev,transportation,nz_ira_ccs_climate,high,VA,2035,19003,vehicles
201900,11,mhdv_ev,transportation,nz_ira_ccs_climate,high,VT,2035,1372,vehicles
201901,11,mhdv_ev,transportation,nz_ira_ccs_climate,high,WA,2035,64244,vehicles
201902,11,mhdv_ev,transportation,nz_ira_ccs_climate,high,WI,2035,15842,vehicles
201903,11,mhdv_ev,transportation,nz_ira_ccs_climate,high,WV,2035,6258,vehicles
201904,11,mhdv_ev,transportation,nz_ira_ccs_climate,high,WY,2035,7655,vehicles
201905,11,mhdv_ev,transportation,bau_ira_ccs_climate,bau,AK,2040,3515,vehicles
201906,11,mhdv_ev,transportation,bau_ira_ccs_climate,bau,AL,2040,14243,vehicles
201907,11,mhdv_ev,transportation,bau_ira_ccs_climate,bau,AR,2040,9292,vehicles
201908,11,mhdv_ev,transportation,bau_ira_ccs_climate,bau,AZ,2040,13823,vehicles
201909,11,mhdv_ev,transportation,bau_ira_ccs_climate,bau,CA,2040,208110,vehicles
201910,11,mhdv_ev,transportation,bau_ira_ccs_climate,bau,CO,2040,15311,vehicles
201911,11,mhdv_ev,transportation,bau_ira_ccs_climate,bau,CT,2040,4870,vehicles
201912,11,mhdv_ev,transportation,bau_ira_ccs_climate,bau,DE,2040,940,vehicles
201913,11,mhdv_ev,transportation,bau_ira_ccs_climate,bau,FL,2040,28052,vehicles
201914,11,mhdv_ev,transportation,bau_ira_ccs_climate,bau,GA,2040,21161,vehicles
201915,11,mhdv_ev,transportation,bau_ira_ccs_climate,bau,HI,2040,1041,vehicles
201916,11,mhdv_ev,transportation,bau_ira_ccs_climate,bau,IA,2040,10873,vehicles
201917,11,mhdv_ev,transportation,bau_ira_ccs_climate,bau,ID,2040,7416,vehicles
201918,11,mhdv_ev,transportation,bau_ira_ccs_climate,bau,IL,2040,30884,vehicles
201919,11,mhdv_ev,transportation,bau_ira_ccs_climate,bau,IN,2040,22261,vehicles
201920,11,mhdv_ev,transportation,bau_ira_ccs_climate,bau,KS,2040,12246,vehicles
201921,11,mhdv_ev,transportation,bau_ira_ccs_climate,bau,KY,2040,14262,vehicles
201922,11,mhdv_ev,transportation,bau_ira_ccs_climate,bau,LA,2040,34917,vehicles
201923,11,mhdv_ev,transportation,bau_ira_ccs_climate,bau,MA,2040,30672,vehicles
201924,11,mhdv_ev,transportation,bau_ira_ccs_climate,bau,MD,2040,9121,vehicles
201925,11,mhdv_ev,transportation,bau_ira_ccs_climate,bau,ME,2040,3898,vehicles
201926,11,mhdv_ev,transportation,bau_ira_ccs_climate,bau,MI,2040,23998,vehicles
201927,11,mhdv_ev,transportation,bau_ira_ccs_climate,bau,MN,2040,17653,vehicles
201928,11,mhdv_ev,transportation,bau_ira_ccs_climate,bau,MO,2040,17426,vehicles
201929,11,mhdv_ev,transportation,bau_ira_ccs_climate,bau,MS,2040,11058,vehicles
201930,11,mhdv_ev,transportation,bau_ira_ccs_climate,bau,MT,2040,7195,vehicles
201931,11,mhdv_ev,transportation,bau_ira_ccs_climate,bau,NC,2040,27185,vehicles
201932,11,mhdv_ev,transportation,bau_ira_ccs_climate,bau,ND,2040,6648,vehicles
201933,11,mhdv_ev,transportation,bau_ira_ccs_climate,bau,NE,2040,9215,vehicles
201934,11,mhdv_ev,transportation,bau_ira_ccs_climate,bau,NH,2040,1835,vehicles
201935,11,mhdv_ev,transportation,bau_ira_ccs_climate,bau,NJ,2040,54006,vehicles
201936,11,mhdv_ev,transportation,bau_ira_ccs_climate,bau,NM,2040,14506,vehicles
201937,11,mhdv_ev,transportation,bau_ira_ccs_climate,bau,NV,2040,5598,vehicles
201938,11,mhdv_ev,transportation,bau_ira_ccs_climate,bau,NY,2040,80395,vehicles
201939,11,mhdv_ev,transportation,bau_ira_ccs_climate,bau,OH,2040,26616,vehicles
201940,11,mhdv_ev,transportation,bau_ira_ccs_climate,bau,OK,2040,18258,vehicles
201941,11,mhdv_ev,transportation,bau_ira_ccs_climate,bau,OR,2040,32694,vehicles
201942,11,mhdv_ev,transportation,bau_ira_ccs_climate,bau,PA,2040,28044,vehicles
201943,11,mhdv_ev,transportation,bau_ira_ccs_climate,bau,RI,2040,1229,vehicles
201944,11,mhdv_ev,transportation,bau_ira_ccs_climate,bau,SC,2040,10717,vehicles
201945,11,mhdv_ev,transportation,bau_ira_ccs_climate,bau,SD,2040,3646,vehicles
201946,11,mhdv_ev,transportation,bau_ira_ccs_climate,bau,TN,2040,17257,vehicles
201947,11,mhdv_ev,transportation,bau_ira_ccs_climate,bau,TX,2040,103209,vehicles
201948,11,mhdv_ev,transportation,bau_ira_ccs_climate,bau,UT,2040,9622,vehicles
201949,11,mhdv_ev,transportation,bau_ira_ccs_climate,bau,VA,2040,27384,vehicles
201950,11,mhdv_ev,transportation,bau_ira_ccs_climate,bau,VT,2040,1369,vehicles
201951,11,mhdv_ev,transportation,bau_ira_ccs_climate,bau,WA,2040,57436,vehicles
201952,11,mhdv_ev,transportation,bau_ira_ccs_climate,bau,WI,2040,13308,vehicles
201953,11,mhdv_ev,transportation,bau_ira_ccs_climate,bau,WV,2040,5531,vehicles
201954,11,mhdv_ev,transportation,bau_ira_ccs_climate,bau,WY,2040,6313,vehicles
201955,11,mhdv_ev,transportation,nz_ira_ccs_climate,high,AK,2040,4115,vehicles
201956,11,mhdv_ev,transportation,nz_ira_ccs_climate,high,AL,2040,18057,vehicles
201957,11,mhdv_ev,transportation,nz_ira_ccs_climate,high,AR,2040,11652,vehicles
201958,11,mhdv_ev,transportation,nz_ira_ccs_climate,high,AZ,2040,17820,vehicles
201959,11,mhdv_ev,transportation,nz_ira_ccs_climate,high,CA,2040,196520,vehicles
201960,11,mhdv_ev,transportation,nz_ira_ccs_climate,high,CO,2040,13125,vehicles
201961,11,mhdv_ev,transportation,nz_ira_ccs_climate,high,CT,2040,5211,vehicles
201962,11,mhdv_ev,transportation,nz_ira_ccs_climate,high,DE,2040,1020,vehicles
201963,11,mhdv_ev,transportation,nz_ira_ccs_climate,high,FL,2040,35704,vehicles
201964,11,mhdv_ev,transportation,nz_ira_ccs_climate,high,GA,2040,27047,vehicles
201965,11,mhdv_ev,transportation,nz_ira_ccs_climate,high,HI,2040,1321,vehicles
201966,11,mhdv_ev,transportation,nz_ira_ccs_climate,high,IA,2040,13384,vehicles
201967,11,mhdv_ev,transportation,nz_ira_ccs_climate,high,ID,2040,9765,vehicles
201968,11,mhdv_ev,transportation,nz_ira_ccs_climate,high,IL,2040,38928,vehicles
201969,11,mhdv_ev,transportation,nz_ira_ccs_climate,high,IN,2040,26860,vehicles
201970,11,mhdv_ev,transportation,nz_ira_ccs_climate,high,KS,2040,15114,vehicles
201971,11,mhdv_ev,transportation,nz_ira_ccs_climate,high,KY,2040,17179,vehicles
201972,11,mhdv_ev,transportation,nz_ira_ccs_climate,high,LA,2040,24824,vehicles
201973,11,mhdv_ev,transportation,nz_ira_ccs_climate,high,MA,2040,30926,vehicles
201974,11,mhdv_ev,transportation,nz_ira_ccs_climate,high,MD,2040,9939,vehicles
201975,11,mhdv_ev,transportation,nz_ira_ccs_climate,high,ME,2040,4163,vehicles
201976,11,mhdv_ev,transportation,nz_ira_ccs_climate,high,MI,2040,19224,vehicles
201977,11,mhdv_ev,transportation,nz_ira_ccs_climate,high,MN,2040,14461,vehicles
201978,11,mhdv_ev,transportation,nz_ira_ccs_climate,high,MO,2040,21987,vehicles
201979,11,mhdv_ev,transportation,nz_ira_ccs_climate,high,MS,2040,14008,vehicles
201980,11,mhdv_ev,transportation,nz_ira_ccs_climate,high,MT,2040,6388,vehicles
201981,11,mhdv_ev,transportation,nz_ira_ccs_climate,high,NC,2040,19779,vehicles
201982,11,mhdv_ev,transportation,nz_ira_ccs_climate,high,ND,2040,8147,vehicles
201983,11,mhdv_ev,transportation,nz_ira_ccs_climate,high,NE,2040,11346,vehicles
201984,11,mhdv_ev,transportation,nz_ira_ccs_climate,high,NH,2040,1965,vehicles
201985,11,mhdv_ev,transportation,nz_ira_ccs_climate,high,NJ,2040,54687,vehicles
201986,11,mhdv_ev,transportation,nz_ira_ccs_climate,high,NM,2040,12437,vehicles
201987,11,mhdv_ev,transportation,nz_ira_ccs_climate,high,NV,2040,7353,vehicles
201988,11,mhdv_ev,transportation,nz_ira_ccs_climate,high,NY,2040,81390,vehicles
201989,11,mhdv_ev,transportation,nz_ira_ccs_climate,high,OH,2040,32049,vehicles
201990,11,mhdv_ev,transportation,nz_ira_ccs_climate,high,OK,2040,22458,vehicles
201991,11,mhdv_ev,transportation,nz_ira_ccs_climate,high,OR,2040,31247,vehicles
201992,11,mhdv_ev,transportation,nz_ira_ccs_climate,high,PA,2040,30455,vehicles
201993,11,mhdv_ev,transportation,nz_ira_ccs_climate,high,RI,2040,1310,vehicles
201994,11,mhdv_ev,transportation,nz_ira_ccs_climate,high,SC,2040,13870,vehicles
201995,11,mhdv_ev,transportation,nz_ira_ccs_climate,high,SD,2040,4475,vehicles
201996,11,mhdv_ev,transportation,nz_ira_ccs_climate,high,TN,2040,21729,vehicles
201997,11,mhdv_ev,transportation,nz_ira_ccs_climate,high,TX,2040,125077,vehicles
201998,11,mhdv_ev,transportation,nz_ira_ccs_climate,high,UT,2040,12644,vehicles
201999,11,mhdv_ev,transportation,nz_ira_ccs_climate,high,VA,2040,19889,vehicles
202000,11,mhdv_ev,transportation,nz_ira_ccs_climate,high,VT,2040,1466,vehicles
202001,11,mhdv_ev,transportation,nz_ira_ccs_climate,high,WA,2040,54308,vehicles
202002,11,mhdv_ev,transportation,nz_ira_ccs_climate,high,WI,2040,16800,vehicles
202003,11,mhdv_ev,transportation,nz_ira_ccs_climate,high,WV,2040,6599,vehicles
202004,11,mhdv_ev,transportation,nz_ira_ccs_climate,high,WY,2040,8080,vehicles
202005,11,mhdv_ev,transportation,bau_ira_ccs_climate,bau,AK,2045,4086,vehicles
202006,11,mhdv_ev,transportation,bau_ira_ccs_climate,bau,AL,2045,16900,vehicles
202007,11,mhdv_ev,transportation,bau_ira_ccs_climate,bau,AR,2045,11047,vehicles
202008,11,mhdv_ev,transportation,bau_ira_ccs_climate,bau,AZ,2045,16370,vehicles
202009,11,mhdv_ev,transportation,bau_ira_ccs_climate,bau,CA,2045,194476,vehicles
202010,11,mhdv_ev,transportation,bau_ira_ccs_climate,bau,CO,2045,18594,vehicles
202011,11,mhdv_ev,transportation,bau_ira_ccs_climate,bau,CT,2045,7027,vehicles
202012,11,mhdv_ev,transportation,bau_ira_ccs_climate,bau,DE,2045,1269,vehicles
202013,11,mhdv_ev,transportation,bau_ira_ccs_climate,bau,FL,2045,32274,vehicles
202014,11,mhdv_ev,transportation,bau_ira_ccs_climate,bau,GA,2045,24706,vehicles
202015,11,mhdv_ev,transportation,bau_ira_ccs_climate,bau,HI,2045,1248,vehicles
202016,11,mhdv_ev,transportation,bau_ira_ccs_climate,bau,IA,2045,12906,vehicles
202017,11,mhdv_ev,transportation,bau_ira_ccs_climate,bau,ID,2045,8731,vehicles
202018,11,mhdv_ev,transportation,bau_ira_ccs_climate,bau,IL,2045,36470,vehicles
202019,11,mhdv_ev,transportation,bau_ira_ccs_climate,bau,IN,2045,26513,vehicles
202020,11,mhdv_ev,transportation,bau_ira_ccs_climate,bau,KS,2045,14366,vehicles
202021,11,mhdv_ev,transportation,bau_ira_ccs_climate,bau,KY,2045,17097,vehicles
202022,11,mhdv_ev,transportation,bau_ira_ccs_climate,bau,LA,2045,44664,vehicles
202023,11,mhdv_ev,transportation,bau_ira_ccs_climate,bau,MA,2045,27002,vehicles
202024,11,mhdv_ev,transportation,bau_ira_ccs_climate,bau,MD,2045,12465,vehicles
202025,11,mhdv_ev,transportation,bau_ira_ccs_climate,bau,ME,2045,5668,vehicles
202026,11,mhdv_ev,transportation,bau_ira_ccs_climate,bau,MI,2045,29267,vehicles
202027,11,mhdv_ev,transportation,bau_ira_ccs_climate,bau,MN,2045,21494,vehicles
202028,11,mhdv_ev,transportation,bau_ira_ccs_climate,bau,MO,2045,20716,vehicles
202029,11,mhdv_ev,transportation,bau_ira_ccs_climate,bau,MS,2045,13081,vehicles
202030,11,mhdv_ev,transportation,bau_ira_ccs_climate,bau,MT,2045,8643,vehicles
202031,11,mhdv_ev,transportation,bau_ira_ccs_climate,bau,NC,2045,34767,vehicles
202032,11,mhdv_ev,transportation,bau_ira_ccs_climate,bau,ND,2045,7855,vehicles
202033,11,mhdv_ev,transportation,bau_ira_ccs_climate,bau,NE,2045,10946,vehicles
202034,11,mhdv_ev,transportation,bau_ira_ccs_climate,bau,NH,2045,2671,vehicles
202035,11,mhdv_ev,transportation,bau_ira_ccs_climate,bau,NJ,2045,46680,vehicles
202036,11,mhdv_ev,transportation,bau_ira_ccs_climate,bau,NM,2045,17595,vehicles
202037,11,mhdv_ev,transportation,bau_ira_ccs_climate,bau,NV,2045,6577,vehicles
202038,11,mhdv_ev,transportation,bau_ira_ccs_climate,bau,NY,2045,72788,vehicles
202039,11,mhdv_ev,transportation,bau_ira_ccs_climate,bau,OH,2045,31674,vehicles
202040,11,mhdv_ev,transportation,bau_ira_ccs_climate,bau,OK,2045,21325,vehicles
202041,11,mhdv_ev,transportation,bau_ira_ccs_climate,bau,OR,2045,30793,vehicles
202042,11,mhdv_ev,transportation,bau_ira_ccs_climate,bau,PA,2045,39038,vehicles
202043,11,mhdv_ev,transportation,bau_ira_ccs_climate,bau,RI,2045,1754,vehicles
202044,11,mhdv_ev,transportation,bau_ira_ccs_climate,bau,SC,2045,12435,vehicles
202045,11,mhdv_ev,transportation,bau_ira_ccs_climate,bau,SD,2045,4313,vehicles
202046,11,mhdv_ev,transportation,bau_ira_ccs_climate,bau,TN,2045,20628,vehicles
202047,11,mhdv_ev,transportation,bau_ira_ccs_climate,bau,TX,2045,119117,vehicles
202048,11,mhdv_ev,transportation,bau_ira_ccs_climate,bau,UT,2045,11313,vehicles
202049,11,mhdv_ev,transportation,bau_ira_ccs_climate,bau,VA,2045,35011,vehicles
202050,11,mhdv_ev,transportation,bau_ira_ccs_climate,bau,VT,2045,1988,vehicles
202051,11,mhdv_ev,transportation,bau_ira_ccs_climate,bau,WA,2045,53000,vehicles
202052,11,mhdv_ev,transportation,bau_ira_ccs_climate,bau,WI,2045,15735,vehicles
202053,11,mhdv_ev,transportation,bau_ira_ccs_climate,bau,WV,2045,6459,vehicles
202054,11,mhdv_ev,transportation,bau_ira_ccs_climate,bau,WY,2045,7425,vehicles
202055,11,mhdv_ev,transportation,nz_ira_ccs_climate,high,AK,2045,4854,vehicles
202056,11,mhdv_ev,transportation,nz_ira_ccs_climate,high,AL,2045,22475,vehicles
202057,11,mhdv_ev,transportation,nz_ira_ccs_climate,high,AR,2045,14426,vehicles
202058,11,mhdv_ev,transportation,nz_ira_ccs_climate,high,AZ,2045,22317,vehicles
202059,11,mhdv_ev,transportation,nz_ira_ccs_climate,high,CA,2045,187386,vehicles
202060,11,mhdv_ev,transportation,nz_ira_ccs_climate,high,CO,2045,16440,vehicles
202061,11,mhdv_ev,transportation,nz_ira_ccs_climate,high,CT,2045,6568,vehicles
202062,11,mhdv_ev,transportation,nz_ira_ccs_climate,high,DE,2045,1246,vehicles
202063,11,mhdv_ev,transportation,nz_ira_ccs_climate,high,FL,2045,44750,vehicles
202064,11,mhdv_ev,transportation,nz_ira_ccs_climate,high,GA,2045,33187,vehicles
202065,11,mhdv_ev,transportation,nz_ira_ccs_climate,high,HI,2045,1711,vehicles
202066,11,mhdv_ev,transportation,nz_ira_ccs_climate,high,IA,2045,16662,vehicles
202067,11,mhdv_ev,transportation,nz_ira_ccs_climate,high,ID,2045,12232,vehicles
202068,11,mhdv_ev,transportation,nz_ira_ccs_climate,high,IL,2045,48352,vehicles
202069,11,mhdv_ev,transportation,nz_ira_ccs_climate,high,IN,2045,33517,vehicles
202070,11,mhdv_ev,transportation,nz_ira_ccs_climate,high,KS,2045,18757,vehicles
202071,11,mhdv_ev,transportation,nz_ira_ccs_climate,high,KY,2045,21577,vehicles
202072,11,mhdv_ev,transportation,nz_ira_ccs_climate,high,LA,2045,31043,vehicles
202073,11,mhdv_ev,transportation,nz_ira_ccs_climate,high,MA,2045,25914,vehicles
202074,11,mhdv_ev,transportation,nz_ira_ccs_climate,high,MD,2045,12163,vehicles
202075,11,mhdv_ev,transportation,nz_ira_ccs_climate,high,ME,2045,5296,vehicles
202076,11,mhdv_ev,transportation,nz_ira_ccs_climate,high,MI,2045,23995,vehicles
202077,11,mhdv_ev,transportation,nz_ira_ccs_climate,high,MN,2045,18051,vehicles
202078,11,mhdv_ev,transportation,nz_ira_ccs_climate,high,MO,2045,27506,vehicles
202079,11,mhdv_ev,transportation,nz_ira_ccs_climate,high,MS,2045,17396,vehicles
202080,11,mhdv_ev,transportation,nz_ira_ccs_climate,high,MT,2045,7958,vehicles
202081,11,mhdv_ev,transportation,nz_ira_ccs_climate,high,NC,2045,24157,vehicles
202082,11,mhdv_ev,transportation,nz_ira_ccs_climate,high,ND,2045,10101,vehicles
202083,11,mhdv_ev,transportation,nz_ira_ccs_climate,high,NE,2045,14134,vehicles
202084,11,mhdv_ev,transportation,nz_ira_ccs_climate,high,NH,2045,2490,vehicles
202085,11,mhdv_ev,transportation,nz_ira_ccs_climate,high,NJ,2045,45940,vehicles
202086,11,mhdv_ev,transportation,nz_ira_ccs_climate,high,NM,2045,15563,vehicles
202087,11,mhdv_ev,transportation,nz_ira_ccs_climate,high,NV,2045,9189,vehicles
202088,11,mhdv_ev,transportation,nz_ira_ccs_climate,high,NY,2045,70442,vehicles
202089,11,mhdv_ev,transportation,nz_ira_ccs_climate,high,OH,2045,39932,vehicles
202090,11,mhdv_ev,transportation,nz_ira_ccs_climate,high,OK,2045,27748,vehicles
202091,11,mhdv_ev,transportation,nz_ira_ccs_climate,high,OR,2045,29525,vehicles
202092,11,mhdv_ev,transportation,nz_ira_ccs_climate,high,PA,2045,38046,vehicles
202093,11,mhdv_ev,transportation,nz_ira_ccs_climate,high,RI,2045,1641,vehicles
202094,11,mhdv_ev,transportation,nz_ira_ccs_climate,high,SC,2045,17055,vehicles
202095,11,mhdv_ev,transportation,nz_ira_ccs_climate,high,SD,2045,5550,vehicles
202096,11,mhdv_ev,transportation,nz_ira_ccs_climate,high,TN,2045,27062,vehicles
202097,11,mhdv_ev,transportation,nz_ira_ccs_climate,high,TX,2045,154313,vehicles
202098,11,mhdv_ev,transportation,nz_ira_ccs_climate,high,UT,2045,15816,vehicles
202099,11,mhdv_ev,transportation,nz_ira_ccs_climate,high,VA,2045,24321,vehicles
202100,11,mhdv_ev,transportation,nz_ira_ccs_climate,high,VT,2045,1855,vehicles
202101,11,mhdv_ev,transportation,nz_ira_ccs_climate,high,WA,2045,51787,vehicles
202102,11,mhdv_ev,transportation,nz_ira_ccs_climate,high,WI,2045,20889,vehicles
202103,11,mhdv_ev,transportation,nz_ira_ccs_climate,high,WV,2045,8064,vehicles
202104,11,mhdv_ev,transportation,nz_ira_ccs_climate,high,WY,2045,10039,vehicles
202105,11,mhdv_ev,transportation,bau_ira_ccs_climate,bau,AK,2050,5552,vehicles
202106,11,mhdv_ev,transportation,bau_ira_ccs_climate,bau,AL,2050,23272,vehicles
202107,11,mhdv_ev,transportation,bau_ira_ccs_climate,bau,AR,2050,15252,vehicles
202108,11,mhdv_ev,transportation,bau_ira_ccs_climate,bau,AZ,2050,22789,vehicles
202109,11,mhdv_ev,transportation,bau_ira_ccs_climate,bau,CA,2050,212388,vehicles
202110,11,mhdv_ev,transportation,bau_ira_ccs_climate,bau,CO,2050,26096,vehicles
202111,11,mhdv_ev,transportation,bau_ira_ccs_climate,bau,CT,2050,11286,vehicles
202112,11,mhdv_ev,transportation,bau_ira_ccs_climate,bau,DE,2050,1933,vehicles
202113,11,mhdv_ev,transportation,bau_ira_ccs_climate,bau,FL,2050,42990,vehicles
202114,11,mhdv_ev,transportation,bau_ira_ccs_climate,bau,GA,2050,33298,vehicles
202115,11,mhdv_ev,transportation,bau_ira_ccs_climate,bau,HI,2050,1726,vehicles
202116,11,mhdv_ev,transportation,bau_ira_ccs_climate,bau,IA,2050,17857,vehicles
202117,11,mhdv_ev,transportation,bau_ira_ccs_climate,bau,ID,2050,12043,vehicles
202118,11,mhdv_ev,transportation,bau_ira_ccs_climate,bau,IL,2050,50190,vehicles
202119,11,mhdv_ev,transportation,bau_ira_ccs_climate,bau,IN,2050,36836,vehicles
202120,11,mhdv_ev,transportation,bau_ira_ccs_climate,bau,KS,2050,19652,vehicles
202121,11,mhdv_ev,transportation,bau_ira_ccs_climate,bau,KY,2050,23983,vehicles
202122,11,mhdv_ev,transportation,bau_ira_ccs_climate,bau,LA,2050,63047,vehicles
202123,11,mhdv_ev,transportation,bau_ira_ccs_climate,bau,MA,2050,27543,vehicles
202124,11,mhdv_ev,transportation,bau_ira_ccs_climate,bau,MD,2050,19181,vehicles
202125,11,mhdv_ev,transportation,bau_ira_ccs_climate,bau,ME,2050,9139,vehicles
202126,11,mhdv_ev,transportation,bau_ira_ccs_climate,bau,MI,2050,40829,vehicles
202127,11,mhdv_ev,transportation,bau_ira_ccs_climate,bau,MN,2050,30036,vehicles
202128,11,mhdv_ev,transportation,bau_ira_ccs_climate,bau,MO,2050,28708,vehicles
202129,11,mhdv_ev,transportation,bau_ira_ccs_climate,bau,MS,2050,17947,vehicles
202130,11,mhdv_ev,transportation,bau_ira_ccs_climate,bau,MT,2050,11985,vehicles
202131,11,mhdv_ev,transportation,bau_ira_ccs_climate,bau,NC,2050,48664,vehicles
202132,11,mhdv_ev,transportation,bau_ira_ccs_climate,bau,ND,2050,10788,vehicles
202133,11,mhdv_ev,transportation,bau_ira_ccs_climate,bau,NE,2050,15153,vehicles
202134,11,mhdv_ev,transportation,bau_ira_ccs_climate,bau,NH,2050,4318,vehicles
202135,11,mhdv_ev,transportation,bau_ira_ccs_climate,bau,NJ,2050,46093,vehicles
202136,11,mhdv_ev,transportation,bau_ira_ccs_climate,bau,NM,2050,24672,vehicles
202137,11,mhdv_ev,transportation,bau_ira_ccs_climate,bau,NV,2050,9044,vehicles
202138,11,mhdv_ev,transportation,bau_ira_ccs_climate,bau,NY,2050,76638,vehicles
202139,11,mhdv_ev,transportation,bau_ira_ccs_climate,bau,OH,2050,43951,vehicles
202140,11,mhdv_ev,transportation,bau_ira_ccs_climate,bau,OK,2050,29077,vehicles
202141,11,mhdv_ev,transportation,bau_ira_ccs_climate,bau,OR,2050,33756,vehicles
202142,11,mhdv_ev,transportation,bau_ira_ccs_climate,bau,PA,2050,61126,vehicles
202143,11,mhdv_ev,transportation,bau_ira_ccs_climate,bau,RI,2050,2796,vehicles
202144,11,mhdv_ev,transportation,bau_ira_ccs_climate,bau,SC,2050,16637,vehicles
202145,11,mhdv_ev,transportation,bau_ira_ccs_climate,bau,SD,2050,5938,vehicles
202146,11,mhdv_ev,transportation,bau_ira_ccs_climate,bau,TN,2050,28683,vehicles
202147,11,mhdv_ev,transportation,bau_ira_ccs_climate,bau,TX,2050,161024,vehicles
202148,11,mhdv_ev,transportation,bau_ira_ccs_climate,bau,UT,2050,15559,vehicles
202149,11,mhdv_ev,transportation,bau_ira_ccs_climate,bau,VA,2050,48955,vehicles
202150,11,mhdv_ev,transportation,bau_ira_ccs_climate,bau,VT,2050,3213,vehicles
202151,11,mhdv_ev,transportation,bau_ira_ccs_climate,bau,WA,2050,57338,vehicles
202152,11,mhdv_ev,transportation,bau_ira_ccs_climate,bau,WI,2050,21702,vehicles
202153,11,mhdv_ev,transportation,bau_ira_ccs_climate,bau,WV,2050,8715,vehicles
202154,11,mhdv_ev,transportation,bau_ira_ccs_climate,bau,WY,2050,10245,vehicles
202155,11,mhdv_ev,transportation,nz_ira_ccs_climate,high,AK,2050,9924,vehicles
202156,11,mhdv_ev,transportation,nz_ira_ccs_climate,high,AL,2050,49938,vehicles
202157,11,mhdv_ev,transportation,nz_ira_ccs_climate,high,AR,2050,31372,vehicles
202158,11,mhdv_ev,transportation,nz_ira_ccs_climate,high,AZ,2050,49310,vehicles
202159,11,mhdv_ev,transportation,nz_ira_ccs_climate,high,CA,2050,315429,vehicles
202160,11,mhdv_ev,transportation,nz_ira_ccs_climate,high,CO,2050,36357,vehicles
202161,11,mhdv_ev,transportation,nz_ira_ccs_climate,high,CT,2050,14617,vehicles
202162,11,mhdv_ev,transportation,nz_ira_ccs_climate,high,DE,2050,2619,vehicles
202163,11,mhdv_ev,transportation,nz_ira_ccs_climate,high,FL,2050,103795,vehicles
202164,11,mhdv_ev,transportation,nz_ira_ccs_climate,high,GA,2050,72815,vehicles
202165,11,mhdv_ev,transportation,nz_ira_ccs_climate,high,HI,2050,4405,vehicles
202166,11,mhdv_ev,transportation,nz_ira_ccs_climate,high,IA,2050,36249,vehicles
202167,11,mhdv_ev,transportation,nz_ira_ccs_climate,high,ID,2050,26201,vehicles
202168,11,mhdv_ev,transportation,nz_ira_ccs_climate,high,IL,2050,104493,vehicles
202169,11,mhdv_ev,transportation,nz_ira_ccs_climate,high,IN,2050,72835,vehicles
202170,11,mhdv_ev,transportation,nz_ira_ccs_climate,high,KS,2050,40991,vehicles
202171,11,mhdv_ev,transportation,nz_ira_ccs_climate,high,KY,2050,47378,vehicles
202172,11,mhdv_ev,transportation,nz_ira_ccs_climate,high,LA,2050,73167,vehicles
202173,11,mhdv_ev,transportation,nz_ira_ccs_climate,high,MA,2050,33845,vehicles
202174,11,mhdv_ev,transportation,nz_ira_ccs_climate,high,MD,2050,25095,vehicles
202175,11,mhdv_ev,transportation,nz_ira_ccs_climate,high,ME,2050,12190,vehicles
202176,11,mhdv_ev,transportation,nz_ira_ccs_climate,high,MI,2050,52161,vehicles
202177,11,mhdv_ev,transportation,nz_ira_ccs_climate,high,MN,2050,39531,vehicles
202178,11,mhdv_ev,transportation,nz_ira_ccs_climate,high,MO,2050,60006,vehicles
202179,11,mhdv_ev,transportation,nz_ira_ccs_climate,high,MS,2050,38604,vehicles
202180,11,mhdv_ev,transportation,nz_ira_ccs_climate,high,MT,2050,16958,vehicles
202181,11,mhdv_ev,transportation,nz_ira_ccs_climate,high,NC,2050,51309,vehicles
202182,11,mhdv_ev,transportation,nz_ira_ccs_climate,high,ND,2050,21731,vehicles
202183,11,mhdv_ev,transportation,nz_ira_ccs_climate,high,NE,2050,30767,vehicles
202184,11,mhdv_ev,transportation,nz_ira_ccs_climate,high,NH,2050,5600,vehicles
202185,11,mhdv_ev,transportation,nz_ira_ccs_climate,high,NJ,2050,62783,vehicles
202186,11,mhdv_ev,transportation,nz_ira_ccs_climate,high,NM,2050,34372,vehicles
202187,11,mhdv_ev,transportation,nz_ira_ccs_climate,high,NV,2050,19617,vehicles
202188,11,mhdv_ev,transportation,nz_ira_ccs_climate,high,NY,2050,103110,vehicles
202189,11,mhdv_ev,transportation,nz_ira_ccs_climate,high,OH,2050,86350,vehicles
202190,11,mhdv_ev,transportation,nz_ira_ccs_climate,high,OK,2050,60432,vehicles
202191,11,mhdv_ev,transportation,nz_ira_ccs_climate,high,OR,2050,46417,vehicles
202192,11,mhdv_ev,transportation,nz_ira_ccs_climate,high,PA,2050,80908,vehicles
202193,11,mhdv_ev,transportation,nz_ira_ccs_climate,high,RI,2050,3611,vehicles
202194,11,mhdv_ev,transportation,nz_ira_ccs_climate,high,SC,2050,38455,vehicles
202195,11,mhdv_ev,transportation,nz_ira_ccs_climate,high,SD,2050,11993,vehicles
202196,11,mhdv_ev,transportation,nz_ira_ccs_climate,high,TN,2050,59433,vehicles
202197,11,mhdv_ev,transportation,nz_ira_ccs_climate,high,TX,2050,368654,vehicles
202198,11,mhdv_ev,transportation,nz_ira_ccs_climate,high,UT,2050,33739,vehicles
202199,11,mhdv_ev,transportation,nz_ira_ccs_climate,high,VA,2050,52009,vehicles
202200,11,mhdv_ev,transportation,nz_ira_ccs_climate,high,VT,2050,4167,vehicles
202201,11,mhdv_ev,transportation,nz_ira_ccs_climate,high,WA,2050,89755,vehicles
202202,11,mhdv_ev,transportation,nz_ira_ccs_climate,high,WI,2050,45293,vehicles
202203,11,mhdv_ev,transportation,nz_ira_ccs_climate,high,WV,2050,16696,vehicles
202204,11,mhdv_ev,transportation,nz_ira_ccs_climate,high,WY,2050,21926,vehicles
,,,,,,,,,
,,,,,,,,,
,,,,,,,,,
,,,,,,,,,
,,,,,,,,,
,,,,,,,,,
,,,,,,,,,
,,,,,,,,,
,,,,,,,,,
,,,,,,,,,
,,,,,,,,,
,,,,,,,,,
,,,,,,,,,
,,,,,,,,,
,,,,,,,,,
,,,,,,,,,
,,,,,,,,,
,,,,,,,,,
,,,,,,,,,
,,,,,,,,,
,,,,,,,,,
,,,,,,,,,
,,,,,,,,,
,,,,,,,,,
,,,,,,,,,
,,,,,,,,,
,,,,,,,,,
,,,,,,,,,
,,,,,,,,,
,,,,,,,,,
,,,,,,,,,
,,,,,,,,,
,,,,,,,,,
,,,,,,,,,
,,,,,,,,,
,,,,,,,,,
,,,,,,,,,
,,,,,,,,,
,,,,,,,,,
,,,,,,,,,
,,,,,,,,,
,,,,,,,,,
,,,,,,,,,
,,,,,,,,,
,,,,,,,,,
,,,,,,,,,
,,,,,,,,,
,,,,,,,,,
,,,,,,,,,
,,,,,,,,,
,,,,,,,,,
,,,,,,,,,
,,,,,,,,,
,,,,,,,,,
,,,,,,,,,
,,,,,,,,,
,,,,,,,,,
,,,,,,,,,
,,,,,,,,,
,,,,,,,,,
,,,,,,,,,
,,,,,,,,,
,,,,,,,,,
,,,,,,,,,
,,,,,,,,,
,,,,,,,,,
,,,,,,,,,
,,,,,,,,,
,,,,,,,,,
,,,,,,,,,
,,,,,,,,,
,,,,,,,,,
,,,,,,,,,
,,,,,,,,,
,,,,,,,,,
,,,,,,,,,
,,,,,,,,,
,,,,,,,,,
,,,,,,,,,
,,,,,,,,,
,,,,,,,,,
,,,,,,,,,
,,,,,,,,,
,,,,,,,,,
,,,,,,,,,
,,,,,,,,,
,,,,,,,,,
,,,,,,,,,
,,,,,,,,,
,,,,,,,,,
,,,,,,,,,
,,,,,,,,,
,,,,,,,,,
,,,,,,,,,
,,,,,,,,,
,,,,,,,,,
,,,,,,,,,
,,,,,,,,,
,,,,,,,,,
,,,,,,,,,
,,,,,,,,,
